<?xml version="1.0" encoding="UTF-8" standalone="yes"?>
<addon id="plugin.video.area.69.k19" name="[COLOR dodgerblue]Area 69 X.[/COLOR][COLOR red]k19[/COLOR]" version="0.0.3" provider-name="TSW18">
  <requires>
	<import addon="plugin.video.live.streamspro" version="3.0.0~alpha4" />
  </requires>
  <extension point="xbmc.python.pluginsource"
            library="default.py">
        <provides>video</provides>
  </extension>
  <extension point="xbmc.addon.metadata">
    <summary lang="en">Adult Content, Over 18`s Only</summary>
    <description lang="en">Adult Content, Over 18`s Only.[CR]Please do NOT post this add-on on Youtube, Facebook, Blogs or anywhere on the internet, thank you.</description>
	<disclaimer lang="en">The author is not responsible for the use of this addon. The author is not responsible for the content found using this addon. The author does not host or own any content found within this addon.[CR]The author is in no way affiliated with Kodi, Team Kodi, or the XBMC Foundation.[CR]This is a Non-profit resource, organized solely for educational purposes which is protected under the Fair-Use doctrine of the Copyright Act, Specifically section 107, which does promote freedom of expression, by permitting the unlicensed use of copyright-protected works.</disclaimer>
    <platform>all</platform>
	<assets>
            <icon>icon.png</icon>
            <fanart>fanart.jpg</fanart>
    </assets>
  </extension>
  
</addon>
